request_id,amount_safe_to_pay,affordability_status,recommended_payment_method,payment_plan,earliest_date_for_full_payment,spending_changes_needed,decision_explanation
request_26,15656000,affordable_now,full_payment,2025-08-03:15656000,2025-08-03,none,"You requested 15,656,000 IDR, and 15,656,000 IDR is safe to pay, so the affordability status is affordable now. The recommended payment method is full payment, with a payment plan of 15,656,000 IDR on 2025-08-03, the earliest date for full payment, while keeping a minimum balance of 24,768,300 IDR and with no spending changes needed."
request_27,6670,affordable_now,full_payment,2026-07-05:6670,2026-07-05,none,"The requested amount is 6670 ZAR, and 6670 ZAR is safe to pay, so the affordability status is affordable_now. The recommended payment method is full_payment on a 2026-07-05:6670 payment plan, with no spending changes needed, a minimum balance to keep of 20500 ZAR, and an earliest date for full payment of 2026-07-05."
request_28,659.40,affordable_later,wait,2024-06-09:1302.40,2024-06-09,none,"The requested amount is 1302.40 EUR, while the amount safe to pay is 659.40 EUR; the affordability status is affordable_later, the recommended payment method is wait, and the payment plan is 2024-06-09:1302.40. The minimum balance to keep is 1100 EUR, no spending changes are needed, and the earliest date for full payment is 2024-06-09."
request_29,51524,affordable_now,full_payment,2025-11-04:51524,2025-11-04,none,"The requested amount is 51524 ZAR, and 51524 ZAR is safe to pay, so the affordability status is affordable now. The recommended payment method is full payment, with the payment plan being 51524 ZAR on 2025-11-04, which is also the earliest date for full payment; you should keep a minimum balance of 28300 ZAR, and no spending changes are needed."
request_30,775.20,affordable_with_plan,installments,2026-04-06:268.74|2026-05-06:268.74|2026-06-05:268.74,2026-04-06,none,"Your requested amount of 775.20 USD is safe to pay at 775.20 USD and is affordable with a plan, so installments are recommended: 268.74 USD on 2026-04-06, 268.74 USD on 2026-05-06, and 268.74 USD on 2026-06-05, while keeping a minimum balance of 900 USD; no spending changes are needed, and the earliest date for full payment is 2026-04-06."
request_31,2568593.04,affordable_later,wait,2024-11-19:18164000,2024-11-19,none,"Your requested amount is 18,164,000 IDR, while 2,568,593.04 IDR is safe to pay, the affordability status is affordable later, and the recommended payment method is wait; the payment plan and earliest date for full payment are both 2024-11-19 for 18,164,000 IDR, with no spending changes needed and a minimum balance to keep of 16,588,900 IDR."
request_32,0,not_affordable,not_recommended,none,,none,"A request for 40018 ZAR is not affordable, with 0 ZAR safe to pay, the recommended payment method is not recommended, and there is no payment plan. The minimum balance to keep is 35700 ZAR, and no spending changes are needed."
request_33,43637.32,affordable_later,wait,2026-03-17:118000,2026-03-17,none,"You requested 118000 INR, but only 43637.32 INR is currently safe to pay, so the status is affordable_later and the recommended payment method is to wait. A payment plan of 118000 INR on 2026-03-17 matches the earliest date for full payment, with no spending changes needed and a minimum balance to keep of 102100 INR."
request_34,129400,affordable_now,full_payment,2024-12-04:129400,2024-12-04,none,"The requested amount is 129400 INR, and the amount safe to pay is 129400 INR, so the affordability status is affordable_now. The recommended payment method is full_payment, with a payment plan of 2024-12-04:129400, a minimum balance to keep of 138500 INR, no spending changes needed, and the earliest date for full payment is 2024-12-04."
request_35,21248.14,affordable_later,wait,2026-01-21:212000,2026-01-21,none,"The requested amount is 212000 INR, but only 21248.14 INR is safe to pay now, so the affordability status is affordable_later and the recommended payment method is wait. The payment plan is 212000 INR on 2026-01-21, which is also the earliest date for full payment, with a minimum balance to keep of 106400 INR and no spending changes needed."
request_36,615.13,not_affordable,not_recommended,none,,none,"The requested amount is 3954 USD, but only 615.13 USD is safe to pay, so the affordability status is not_affordable and the recommended payment method is not_recommended; there is no payment plan, a minimum balance of 2400 USD must be kept, and no spending changes are needed."
request_37,12068800,affordable_later,wait,2024-03-08:14649000,2024-03-08,none,"The requested amount is 14,649,000 IDR and the amount safe to pay is 12,068,800 IDR, so the affordability status is affordable later and the recommended payment method is wait. The payment plan is 14,649,000 IDR on 2024-03-08, which is also the earliest date for full payment; the minimum balance to keep is 17,056,200 IDR, and no spending changes are needed."
request_38,236.98,affordable_later,wait,2025-10-20:971.30,2025-10-20,none,"The requested amount is 971.30 EUR, while the amount safe to pay is 236.98 EUR; the affordability status is affordable_later, so the recommended payment method is wait. The payment plan is 2025-10-20:971.30, the minimum balance to keep is 400 EUR, spending changes needed are none, and the earliest date for full payment is 2025-10-20."
request_39,122251.85,affordable_later,wait,2026-06-17:208600,2026-06-17,none,"The requested amount is 208,600 INR, but only 122,251.85 INR is safe to pay, so the affordability status is affordable later and the recommended payment method is to wait. The payment plan is 208,600 INR on 2026-06-17, which is also the earliest date for full payment, while the minimum balance to keep is 213,400 INR and no spending changes are needed."
request_40,0,not_affordable,not_recommended,none,,none,"The requested amount is 1290.30 EUR, but the amount safe to pay is 0 EUR, so the affordability status is not_affordable and the recommended payment method is not_recommended. The payment plan is none, the minimum balance to keep is 1500 EUR, and the spending changes needed are none."
request_41,10114398.12,affordable_later,wait,2026-01-19:38760000,2026-01-19,none,requested_amount=38760000 IDR; amount_safe_to_pay=10114398.12 IDR; affordability_status=affordable_later; recommended_payment_method=wait; payment_plan=2026-01-19:38760000; minimum_balance_to_keep=25366600 IDR; spending_changes_needed=none; earliest_date_for_full_payment=2026-01-19.
request_42,52100,affordable_now,full_payment,2026-01-05:52100,2026-01-05,none,"The requested amount is 52100 INR, and 52100 INR is safe to pay, so the affordability status is affordable now. The recommended payment method is full_payment, with a payment plan on 2026-01-05 for 52100 INR, while keeping a minimum balance of 113100 INR; spending changes needed are none, and the earliest date for full payment is 2026-01-05."
request_43,9868266.98,affordable_later,wait,2024-11-20:43339000,2024-11-20,none,"The requested amount is 43,339,000 IDR, but only 9,868,266.98 IDR is safe to pay, so the affordability status is affordable_later and the recommended payment method is to wait. A payment plan of 43,339,000 IDR on 2024-11-20 is possible, which is also the earliest date for full payment, while keeping a minimum balance of 21,398,000 IDR and needing no spending changes."
request_44,0,not_affordable,not_recommended,none,,none,"The requested amount is 95,800 INR, but the amount safe to pay is 0 INR, so the affordability status is not affordable. The recommended payment method is not recommended, the payment plan is none, the minimum balance to keep is 82,900 INR, and no spending changes are needed."
request_45,3614476.62,not_affordable,not_recommended,none,,none,"The requested amount is 21983000 IDR, but only 3614476.62 IDR is safe to pay, so the affordability status is not_affordable; the recommended payment method is not_recommended and the payment plan is none. The minimum balance to keep is 11149800 IDR, and no spending changes are needed."
request_46,36858.40,affordable_with_plan,partial_payment,2024-12-03:36858.40|2024-12-16:12591.60,2024-12-16,none,"You requested 49450 INR; it is affordable_with_plan via partial_payment, with 36858.40 INR safe to pay on 2024-12-03 and 12591.60 INR on 2024-12-16, while keeping a minimum balance of 84000 INR; no spending changes are needed, and the earliest date for full payment is 2024-12-16."
request_47,38114000,affordable_now,full_payment,2025-05-05:38114000,2025-05-05,none,"The requested amount is 38114000 IDR, and 38114000 IDR is safe to pay, so the affordability status is affordable_now. The recommended payment method is full_payment, with a payment plan of 38114000 IDR on 2025-05-05, which is also the earliest date for full payment; a minimum balance of 30049000 IDR should be kept, and no spending changes are needed."
request_48,45700,affordable_now,full_payment,2026-07-25:45700,2026-07-25,none,"The requested amount is 45700 INR, and 45700 INR is safe to pay, with an affordability status of affordable now; full payment is recommended, with a payment plan on 2026-07-25 for 45700 INR and an earliest date for full payment of 2026-07-25, while no spending changes are needed and a minimum balance of 71300 INR should be kept."
request_49,10314482.69,not_affordable,not_recommended,none,2024-05-19,none,requested_amount=34333000 IDR; amount_safe_to_pay=10314482.69 IDR; affordability_status=not_affordable; recommended_payment_method=not_recommended; payment_plan=none; minimum_balance_to_keep=20275700 IDR; spending_changes_needed=none; earliest_date_for_full_payment=2024-05-19.
request_50,43900,affordable_now,full_payment,2025-08-06:43900,2025-08-06,none,"The requested amount is 43900 INR, and 43900 INR is safe to pay, so the affordability status is affordable_now with a recommended full_payment; the payment plan is 2025-08-06:43900, and the earliest date for full payment is 2025-08-06. A minimum balance of 99700 INR should be kept, and spending changes needed are none."
request_51,2191000,affordable_now,full_payment,2026-01-03:2191000,2026-01-03,none,"The requested amount of 2191000 IDR is affordable now, and since the amount safe to pay is 2191000 IDR, full payment is recommended, with the earliest date for full payment being 2026-01-03 and the payment plan set as 2026-01-03:2191000. No spending changes are needed and the minimum balance to keep is 7811000 IDR."
request_52,23304.11,affordable_later,wait,2024-06-17:28870,2024-06-17,none,"The requested amount is 28870 INR, but only 23304.11 INR is safe to pay, so the affordability status is affordable_later and the recommended payment method is wait. The payment plan is 2024-06-17:28870, the earliest date for full payment is 2024-06-17, and you must keep a minimum balance of 41500 INR with no spending changes needed."
request_53,569.39,affordable_with_plan,installments,2025-11-21:589.06|2025-12-19:589.06|2026-01-16:589.06,2026-01-14,none,requested_amount=1699.20 USD; amount_safe_to_pay=569.39 USD; affordability_status=affordable_with_plan; recommended_payment_method=installments; payment_plan=2025-11-21:589.06|2025-12-19:589.06|2026-01-16:589.06; minimum_balance_to_keep=2100 USD; spending_changes_needed=none; earliest_date_for_full_payment=2026-01-14.
request_54,2064.79,not_affordable,not_recommended,none,,none,"The requested amount is 121528 ZAR, and although the amount safe to pay is 2064.79 ZAR, the affordability status is not_affordable; the recommended payment method is not_recommended, the payment plan is none, the minimum balance to keep is 37000 ZAR, and no spending changes are needed."
request_55,125909.04,affordable_with_plan,installments,2026-06-11:75781.33|2026-07-12:75781.33|2026-08-12:75781.33,2026-08-17,reduce_to:event_5167:2750,requested_amount=218600 INR; amount_safe_to_pay=125909.04 INR; affordability_status=affordable_with_plan; recommended_payment_method=installments; payment_plan=2026-06-11:75781.33|2026-07-12:75781.33|2026-08-12:75781.33; minimum_balance_to_keep=124300 INR; spending_changes_needed=reduce_to:event_5167:2750; earliest_date_for_full_payment=2026-08-17.
request_56,881.56,affordable_with_plan,installments,2025-02-03:458.42|2025-03-03:458.42,2025-02-03,none,"The requested amount is 881.56 USD and the amount safe to pay is 881.56 USD; the affordability status is affordable_with_plan, so the recommended payment method is installments with a payment plan of 458.42 USD on 2025-02-03 and 458.42 USD on 2025-03-03, while keeping a minimum balance of 2100 USD, with no spending changes needed, and the earliest date for full payment is 2025-02-03."
request_57,12657.18,affordable_later,wait,2026-06-17:61446,2026-06-17,none,"The requested amount is 61446 ZAR, but the amount safe to pay is 12657.18 ZAR, and the affordability status is affordable_later. The recommended payment method is to wait, with a payment plan of 2026-06-17:61446, a minimum balance to keep of 42700 ZAR, no spending changes needed, and the earliest date for full payment of 2026-06-17."
request_58,16226000,affordable_now,full_payment,2024-12-07:16226000,2024-12-07,none,"The requested amount of 16226000 IDR is affordable now, and 16226000 IDR is safe to pay, so the recommended payment method is full payment. The payment plan is 16226000 IDR on 2024-12-07, which is also the earliest date for full payment, while keeping a minimum balance of 14433900 IDR and with no spending changes needed."
request_59,140600,affordable_with_plan,installments,2025-05-07:48741.33|2025-06-04:48741.33|2025-07-02:48741.33,2025-05-04,none,"You requested 140600 INR, and 140600 INR is safe to pay, with affordability status affordable_with_plan, so the recommended payment method is installments: 48741.33 INR on 2025-05-07, 48741.33 INR on 2025-06-04, and 48741.33 INR on 2025-07-02, while keeping a minimum balance of 132600 INR, with no spending changes needed; the earliest date for full payment is 2025-05-04."
request_60,0,not_affordable,not_recommended,none,,none,"The requested amount is 199.89 USD, but the amount safe to pay is 0 USD, so the affordability status is not affordable; no payment method is recommended, there is no payment plan, the minimum balance to keep is 400 USD, and no spending changes are needed."
request_61,29062,affordable_with_plan,installments,2024-03-17:10074.83|2024-04-17:10074.83|2024-05-18:10074.83,2024-03-03,none,"You requested 29,062 ZAR, which is also the amount safe to pay, with an affordability status of affordable_with_plan, installments recommended, and no spending changes needed. The payment plan is 10,074.83 ZAR on 2024-03-17, 10,074.83 ZAR on 2024-04-17, and 10,074.83 ZAR on 2024-05-18, while the minimum balance to keep is 36,700 ZAR and the earliest date for full payment is 2024-03-03."
request_62,404.23,affordable_now,full_payment,2025-08-05:404.23,2025-08-05,none,"The requested amount is 404.23 USD, which is safe to pay, and the affordability status is affordable now, so full payment is recommended. The payment plan is 2025-08-05:404.23, the earliest date for full payment is 2025-08-05, the minimum balance to keep is 1300 USD, and no spending changes are needed."
request_63,39906.07,not_affordable,not_recommended,none,,none,"The requested amount is 343900 INR, but only 39906.07 INR is safe to pay, so the affordability status is not_affordable. The recommended payment method is not_recommended, there is no payment plan, the minimum balance to keep is 153500 INR, and no spending changes are needed."
request_64,0,not_affordable,not_recommended,none,,none,"The requested amount is 63700 INR, but the amount safe to pay is 0 INR, and the affordability status is not_affordable. The recommended payment method is not_recommended, the payment plan is none, the minimum balance to keep is 36100 INR, and spending changes needed are none."
request_65,12284.80,not_affordable,not_recommended,none,2026-01-06,none,requested_amount=54340 ZAR; amount_safe_to_pay=12284.80 ZAR; affordability_status=not_affordable; recommended_payment_method=not_recommended; payment_plan=none; minimum_balance_to_keep=15500 ZAR; spending_changes_needed=none; earliest_date_for_full_payment=2026-01-06.
request_66,22200,affordable_now,full_payment,2026-04-03:22200,2026-04-03,none,"The requested amount of 22,200 INR is equal to the amount safe to pay, and with an affordability status of affordable_now, the recommended payment method is full_payment under a payment plan of 2026-04-03: 22,200 INR; the minimum balance to keep is 80,700 INR, no spending changes are needed, and the earliest date for full payment is 2026-04-03."
request_67,274.95,affordable_later,wait,2024-11-18:2094,2024-11-18,none,"You requested 2094 USD, but it is safe to pay 274.95 USD now; the affordability status is affordable_later, so the recommended payment method is to wait. The payment plan is 2024-11-18:2094, which is also the earliest date for full payment, while keeping a minimum balance of 1200 USD and with no spending changes needed."
request_68,1361.56,affordable_with_plan,installments,2025-02-14:725.09|2025-03-14:725.09|2025-04-11:725.09,2025-03-25,none,requested_amount=2091.60 USD; amount_safe_to_pay=1361.56 USD; affordability_status=affordable_with_plan; recommended_payment_method=installments; payment_plan=2025-02-14:725.09|2025-03-14:725.09|2025-04-11:725.09; minimum_balance_to_keep=1500 USD; spending_changes_needed=none; earliest_date_for_full_payment=2025-03-25.
request_69,529.10,affordable_now,full_payment,2026-01-04:529.10,2026-01-04,none,"The requested amount is 529.10 EUR, and 529.10 EUR is safe to pay now, so the affordability status is affordable_now. Full_payment is recommended, with the payment plan and earliest date for full payment both on 2026-01-04 for 529.10 EUR; the minimum balance to keep is 700 EUR, and no spending changes are needed."
request_70,49475.42,affordable_later,wait,2025-02-20:243900,2025-02-20,none,"The requested amount is 243900 INR, but only 49475.42 INR is safe to pay; the affordability status is affordable_later, the recommended payment method is wait, and the payment plan is 243900 INR on 2025-02-20, with a minimum balance of 115000 INR to keep, no spending changes needed, and the earliest date for full payment also being 2025-02-20."
request_71,77785.41,not_affordable,not_recommended,none,,none,"You requested 21,451,000 IDR, but the amount safe to pay is only 77,785.41 IDR, so this is not affordable, the recommended payment method is not recommended, there is no payment plan, the minimum balance to keep is 8,884,800 IDR, and no spending changes are needed."
request_72,0,not_affordable,not_recommended,none,,none,"The requested amount is 11,330 ZAR, but the amount safe to pay is 0 ZAR, so the affordability status is not affordable; no payment plan is available, the recommended payment method is not recommended, the minimum balance to keep is 12,200 ZAR, and no spending changes are needed."
request_73,71400,affordable_now,full_payment,2023-01-20:71400,2023-01-20,none,"The requested amount of 71400 INR is affordable now, and 71400 INR is safe to pay, so full payment is recommended, with the payment plan being 71400 INR on 2023-01-20, which is also the earliest date for full payment; a minimum balance of 103200 INR should be kept, and no spending changes are needed."
request_74,5010,affordable_now,full_payment,2025-08-04:5010,2025-08-04,none,"The requested amount is 5010 ZAR, which is also safe to pay and is considered affordable now, so the recommended payment method is a full payment on 2025-08-04 of 5010 ZAR, the earliest date for full payment, while keeping a minimum balance of 21900 ZAR and requiring no spending changes."
request_75,28270,affordable_with_plan,installments,2026-04-09:9800.27|2026-05-09:9800.27|2026-06-08:9800.27,2026-04-06,none,"The requested amount of 28270 ZAR is also the amount safe to pay, and the affordability status is affordable_with_plan; the recommended payment method is installments with a payment plan of 2026-04-09: 9800.27 ZAR, 2026-05-09: 9800.27 ZAR, and 2026-06-08: 9800.27 ZAR. A minimum balance of 39000 ZAR must be kept, no spending changes are needed, and the earliest date for full payment is 2026-04-06."
request_76,1538.80,not_affordable,not_recommended,none,2024-07-04,none,requested_amount=4455.60 USD; amount_safe_to_pay=1538.80 USD; affordability_status=not_affordable; recommended_payment_method=not_recommended; payment_plan=none; minimum_balance_to_keep=1800 USD; spending_changes_needed=none; earliest_date_for_full_payment=2024-07-04.
request_77,60700,affordable_now,full_payment,2025-11-05:60700,2025-11-05,none,"The requested amount is 60,700 INR and 60,700 INR is safe to pay, so the affordability status is affordable now. The recommended payment method is full payment, with a payment plan of 60,700 INR on 2025-11-05, which is also the earliest date for full payment; keep a minimum balance of 82,200 INR and no spending changes are needed."
request_78,46080.34,affordable_later,wait,2025-11-20:50200,2025-11-20,none,"The requested amount is 50200 INR, but the amount safe to pay is 46080.34 INR, so affordability is affordable_later and the recommended payment method is wait. The payment plan is 2025-11-20:50200, the minimum balance to keep is 55200 INR, no spending changes are needed, and the earliest date for full payment is 2025-11-20."
request_79,543.58,not_affordable,not_recommended,none,,none,"The requested amount is 2151.60 EUR, but the amount safe to pay is 543.58 EUR, so the affordability status is not_affordable and the recommended payment method is not_recommended. There is no payment plan, the minimum balance to keep is 1000 EUR, and no spending changes are needed."
request_80,143465,not_affordable,not_recommended,none,2025-03-10,none,requested_amount=217500 INR; amount_safe_to_pay=143465 INR; affordability_status=not_affordable; recommended_payment_method=not_recommended; payment_plan=none; minimum_balance_to_keep=121300 INR; spending_changes_needed=none; earliest_date_for_full_payment=2025-03-10.
request_81,2076,affordable_now,full_payment,2026-07-03:2076,2026-07-03,none,"The requested amount is 2076 USD, and it is safe to pay 2076 USD, so the affordability status is affordable_now with a recommended payment method of full_payment. The payment plan is 2026-07-03:2076, the earliest date for full payment is 2026-07-03, the minimum balance to keep is 1600 USD, and no spending changes are needed."
request_82,1069.40,affordable_later,wait,2024-12-08:1405.20,2024-12-08,none,"The requested amount is 1405.20 USD, while the amount safe to pay is 1069.40 USD; affordability status is affordable_later, so the recommended payment method is wait, with a payment plan on 2024-12-08 of 1405.20 USD. You need to keep a minimum balance of 1100 USD, no spending changes are needed, and the earliest date for full payment is 2024-12-08."
request_83,0,not_affordable,not_recommended,none,,none,"The requested amount is 156200 INR, but the amount safe to pay is 0 INR, so the affordability status is not affordable. The recommended payment method is not recommended, the payment plan is none, the minimum balance to keep is 37800 INR, and no spending changes are needed."
request_84,34638.22,affordable_later,wait,2026-06-15:95400,2026-06-15,none,"You requested 95400 INR, but only 34638.22 INR is safe to pay, so the affordability status is affordable_later and the recommended payment method is wait. The payment plan is 95400 INR on 2026-06-15, which is also the earliest date for full payment, while keeping a minimum balance of 91300 INR and making no spending changes."
request_85,374061.81,not_affordable,not_recommended,none,,none,"You requested 19,304,000 IDR, but only 374,061.81 IDR is safe to pay, so the request is not affordable and the payment method is not recommended, with no payment plan; you need to keep a minimum balance of 6,396,300 IDR and no spending changes are needed."
request_86,46300,affordable_now,full_payment,2025-08-03:46300,2025-08-03,none,"The requested amount is 46300 INR, and 46300 INR is safe to pay, so the affordability status is affordable_now. The recommended payment method is full_payment, with a payment plan of 2025-08-03:46300 and an earliest date for full payment of 2025-08-03. A minimum balance of 84900 INR should be kept, and no spending changes are needed."
request_87,0,not_affordable,not_recommended,none,,none,"The requested amount of 487900 INR is not affordable, and the amount safe to pay is 0 INR, so the recommended payment method is not recommended. There is no payment plan, the minimum balance to keep is 185900 INR, and no spending changes are needed."
request_88,10497.62,affordable_with_plan,installments,2024-06-14:9045.23|2024-07-15:9045.23|2024-08-15:9045.23,2024-07-23,none,requested_amount=26092 ZAR; amount_safe_to_pay=10497.62 ZAR; affordability_status=affordable_with_plan; recommended_payment_method=installments; payment_plan=2024-06-14:9045.23|2024-07-15:9045.23|2024-08-15:9045.23; minimum_balance_to_keep=25800 ZAR; spending_changes_needed=none; earliest_date_for_full_payment=2024-07-23.
request_89,9226703.57,affordable_with_plan,installments,2025-11-18:4768746.67|2025-12-16:4768746.67|2026-01-13:4768746.67,2026-01-18,reduce_to:event_8403:203300|reduce_to:event_8337:266760|stop:event_8335,requested_amount=13756000 IDR; amount_safe_to_pay=9226703.57 IDR; affordability_status=affordable_with_plan; recommended_payment_method=installments; payment_plan=2025-11-18:4768746.67|2025-12-16:4768746.67|2026-01-13:4768746.67; minimum_balance_to_keep=12534700 IDR; spending_changes_needed=reduce_to:event_8403:203300|reduce_to:event_8337:266760|stop:event_8335; earliest_date_for_full_payment=2026-01-18.
request_90,2560,affordable_now,full_payment,2026-07-06:2560,2026-07-06,none,"The requested amount is 2560 ZAR and 2560 ZAR is safe to pay, so affordability_status is affordable_now and recommended_payment_method is full_payment. The payment_plan is 2026-07-06:2560 and the earliest_date_for_full_payment is 2026-07-06, while minimum_balance_to_keep is 7600 ZAR and spending_changes_needed is none."
request_91,455.10,affordable_later,wait,2024-11-16:1927.20,2024-11-16,none,"The requested amount is 1927.20 EUR, while the amount safe to pay is 455.10 EUR, so the affordability status is affordable_later and the recommended payment method is wait. The payment plan is 2024-11-16:1927.20, with a minimum balance to keep of 2100 EUR, no spending changes needed, and the earliest date for full payment is 2024-11-16."
request_92,34034,affordable_now,full_payment,2025-02-05:34034,2025-02-05,none,"You requested 34034 ZAR, and 34034 ZAR is safe to pay, so the affordability status is affordable_now. The recommended payment method is full_payment, with a payment plan of 34034 ZAR on 2025-02-05 and an earliest date for full payment of 2025-02-05, while keeping a minimum balance of 28100 ZAR and with no spending changes needed."
request_93,1729.20,affordable_now,full_payment,2026-04-07:1729.20,2026-04-07,none,"The requested amount is 1729.20 USD, and 1729.20 USD is safe to pay, so the affordability status is affordable now. The recommended payment method is full payment, with a payment plan of 2026-04-07:1729.20 and a minimum balance to keep of 1900 USD. No spending changes are needed, and the earliest date for full payment is 2026-04-07."
request_94,572,affordable_now,full_payment,2024-12-04:572,2024-12-04,none,"The requested amount is 572 EUR, and 572 EUR is safe to pay, so the affordability status is affordable_now; the recommended payment method is full_payment, with a payment plan of 2024-12-04:572 and an earliest date for full payment of 2024-12-04, while keeping a minimum balance of 600 EUR and no spending changes needed."
request_95,4013.74,not_affordable,not_recommended,none,,none,"You requested 553000 INR, but only 4013.74 INR is safe to pay, so the affordability status is not affordable; the recommended payment method is not recommended, there is no payment plan, you need to keep a minimum balance of 145500 INR, and no spending changes are needed."
request_96,74311.34,affordable_with_plan,installments,2026-01-10:31269.33|2026-02-09:31269.33|2026-03-11:31269.33,2026-02-18,none,requested_amount=90200 INR; amount_safe_to_pay=74311.34 INR; affordability_status=affordable_with_plan; recommended_payment_method=installments; payment_plan=2026-01-10:31269.33|2026-02-09:31269.33|2026-03-11:31269.33; minimum_balance_to_keep=56500 INR; spending_changes_needed=none; earliest_date_for_full_payment=2026-02-18.
request_97,1833.87,affordable_with_plan,installments,2024-03-19:8145.28|2024-04-19:8145.28|2024-05-20:8145.28,2024-04-21,none,requested_amount=23496 ZAR; amount_safe_to_pay=1833.87 ZAR; affordability_status=affordable_with_plan; recommended_payment_method=installments; payment_plan=2024-03-19:8145.28|2024-04-19:8145.28|2024-05-20:8145.28; minimum_balance_to_keep=29700 ZAR; spending_changes_needed=none; earliest_date_for_full_payment=2024-04-21.
request_98,7734.92,not_affordable,not_recommended,none,,none,"The requested amount is 27148 ZAR, but the amount safe to pay is 7734.92 ZAR, and the affordability status is not_affordable. The recommended payment method is not_recommended, the payment plan is none, the minimum balance to keep is 30000 ZAR, and spending changes needed are none."
request_99,16890.90,affordable_with_plan,full_payment,2026-07-04:18062,2026-07-19,reduce_to:event_9232:1065.90,requested_amount=18062 ZAR; amount_safe_to_pay=16890.90 ZAR; affordability_status=affordable_with_plan; recommended_payment_method=full_payment; payment_plan=2026-07-04:18062; minimum_balance_to_keep=49100 ZAR; spending_changes_needed=reduce_to:event_9232:1065.90; earliest_date_for_full_payment=2026-07-19.
request_100,27631.84,affordable_with_plan,installments,2024-06-13:12866.19|2024-07-14:12866.19|2024-08-14:12866.19,2024-06-17,none,requested_amount=37114 ZAR; amount_safe_to_pay=27631.84 ZAR; affordability_status=affordable_with_plan; recommended_payment_method=installments; payment_plan=2024-06-13:12866.19|2024-07-14:12866.19|2024-08-14:12866.19; minimum_balance_to_keep=32500 ZAR; spending_changes_needed=none; earliest_date_for_full_payment=2024-06-17.
request_101,143500,affordable_now,full_payment,2025-11-03:143500,2025-11-03,none,requested_amount=143500 INR; amount_safe_to_pay=143500 INR; affordability_status=affordable_now; recommended_payment_method=full_payment; payment_plan=2025-11-03:143500; minimum_balance_to_keep=187400 INR; spending_changes_needed=none; earliest_date_for_full_payment=2025-11-03.
request_102,1716,affordable_with_plan,installments,2026-04-05:594.88|2026-05-05:594.88|2026-06-04:594.88,2026-04-05,none,"Your requested amount of 1716 EUR is affordable with a plan and equals the amount safe to pay, so the recommended payment method is installments: 594.88 EUR on 2026-04-05, 594.88 EUR on 2026-05-05, and 594.88 EUR on 2026-06-04, while keeping a minimum balance of 900 EUR; no spending changes are needed, and the earliest date for full payment is 2026-04-05."
request_103,7821.76,not_affordable,not_recommended,none,,none,"You requested 368300 INR, but only 7821.76 INR is safe to pay, making the affordability status not_affordable. The recommended payment method is not_recommended, there is no payment plan, you must keep a minimum balance of 125500 INR, and no spending changes are needed."
request_104,17204,affordable_now,full_payment,2025-02-04:17204,2025-02-04,none,"The requested amount is 17204 ZAR and the amount safe to pay is 17204 ZAR; affordability status is affordable now, so the recommended payment method is full payment. The payment plan is 2025-02-04:17204 and the earliest date for full payment is 2025-02-04. Spending changes needed are none and the minimum balance to keep is 24700 ZAR."
request_105,19669.23,affordable_with_plan,installments,2026-06-11:9630|2026-07-09:9630|2026-08-06:9630|2026-09-03:9630|2026-10-01:9630|2026-10-29:9630,,reduce_to:event_9720:1632|reduce_to:event_9721:1720,requested_amount=53500 INR; amount_safe_to_pay=19669.23 INR; affordability_status=affordable_with_plan; recommended_payment_method=installments; payment_plan=2026-06-11:9630|2026-07-09:9630|2026-08-06:9630|2026-09-03:9630|2026-10-01:9630|2026-10-29:9630; minimum_balance_to_keep=73900 INR; spending_changes_needed=reduce_to:event_9720:1632|reduce_to:event_9721:1720.
request_106,440.12,affordable_later,wait,2025-02-17:2207.70,2025-02-17,none,"The requested amount is 2207.70 EUR, while the amount safe to pay is 440.12 EUR, and the affordability status is affordable_later, so the recommended payment method is wait; the payment plan is 2025-02-17:2207.70, which is also the earliest date for full payment, with a minimum balance to keep of 1200 EUR and no spending changes needed."
request_107,0,not_affordable,not_recommended,none,,none,"The requested amount is 2534.40 EUR, but only 0 EUR is safe to pay, so the affordability status is not_affordable. The recommended payment method is not_recommended, there is no payment plan, the minimum balance to keep is 1600 EUR, and no spending changes are needed."
request_108,7836.40,affordable_later,wait,2026-08-07:55308,2026-08-07,none,"You requested 55308 ZAR, and 7836.40 ZAR is safe to pay now; the affordability status is affordable later, so the recommended payment method is to wait. The payment plan is 55308 ZAR on 2026-08-07, which is also the earliest date for full payment, while the minimum balance to keep is 24100 ZAR and no spending changes are needed."
request_109,556.70,affordable_with_plan,installments,2024-03-18:645.98|2024-04-18:645.98|2024-05-19:645.98,2024-05-17,stop:event_10081|stop:event_10080,requested_amount=1863.40 EUR; amount_safe_to_pay=556.70 EUR; affordability_status=affordable_with_plan; recommended_payment_method=installments; payment_plan=2024-03-18:645.98|2024-04-18:645.98|2024-05-19:645.98; minimum_balance_to_keep=1700 EUR; spending_changes_needed=stop:event_10081|stop:event_10080; earliest_date_for_full_payment=2024-05-17.
request_110,22352,affordable_with_plan,installments,2025-08-06:7748.69|2025-09-03:7748.69|2025-10-01:7748.69,2025-08-06,none,requested_amount=22352 ZAR; amount_safe_to_pay=22352 ZAR; affordability_status=affordable_with_plan; recommended_payment_method=installments; payment_plan=2025-08-06:7748.69|2025-09-03:7748.69|2025-10-01:7748.69; minimum_balance_to_keep=11200 ZAR; spending_changes_needed=none; earliest_date_for_full_payment=2025-08-06.
request_111,16625000,affordable_now,full_payment,2026-04-03:16625000,2026-04-03,none,"The requested amount is 16,625,000 IDR, and the amount safe to pay is also 16,625,000 IDR, so the affordability status is affordable now. The recommended payment method is full payment, with a payment plan of 16,625,000 IDR on 2026-04-03, the earliest date for full payment is 2026-04-03, no spending changes are needed, and the minimum balance to keep is 23,022,800 IDR."
request_112,0,not_affordable,not_recommended,none,,none,"The requested amount is 271.70 EUR, but the amount safe to pay is 0 EUR, so the affordability status is not affordable; the recommended payment method is not recommended, the payment plan is none, the minimum balance to keep is 500 EUR, and no spending changes are needed."
request_113,5735.93,affordable_later,wait,2026-11-16:36500,2026-11-16,none,"The requested amount is 36500 INR, the amount safe to pay is 5735.93 INR, and the affordability status is affordable_later, so the recommended payment method is wait. The payment plan is 2026-11-16:36500, the minimum balance to keep is 82300 INR, no spending changes are needed, and the earliest date for full payment is 2026-11-16."
request_114,0,not_affordable,not_recommended,none,,none,"The requested amount is 65300 INR, but the amount safe to pay is 0 INR, so the affordability_status is not_affordable. The recommended_payment_method is not_recommended, with payment_plan none, minimum_balance_to_keep of 113400 INR, and spending_changes_needed none."
request_115,14552.20,affordable_later,wait,2024-11-19:80500,2024-11-19,none,"The requested amount is 80500 INR, but only 14552.20 INR is safe to pay now; the affordability status is affordable later, so the recommended payment method is to wait, with a payment plan of 80500 INR on 2024-11-19, which is also the earliest date for full payment, while keeping a minimum balance of 38800 INR and making no spending changes."
request_116,7550.39,not_affordable,not_recommended,none,,none,"You requested 241200 INR, but only 7550.39 INR is safe to pay, so the affordability status is not affordable; the recommended payment method is not recommended, there is no payment plan, you need to keep a minimum balance of 80300 INR, and no spending changes are needed."
request_117,848.69,affordable_with_plan,full_payment,2026-07-05:880,2026-07-18,reduce_to:event_10878:20.50|stop:event_10833,requested_amount=880 EUR; amount_safe_to_pay=848.69 EUR; affordability_status=affordable_with_plan; recommended_payment_method=full_payment; payment_plan=2026-07-05:880; minimum_balance_to_keep=1000 EUR; spending_changes_needed=reduce_to:event_10878:20.50|stop:event_10833; earliest_date_for_full_payment=2026-07-18.
request_118,738.10,affordable_with_plan,installments,2024-12-07:255.87|2025-01-07:255.87|2025-02-07:255.87,2024-12-07,none,"The requested amount and amount safe to pay are both 738.10 EUR, with an affordability status of affordable_with_plan. The recommended payment method is installments, using a payment plan of 255.87 EUR on 2024-12-07, 255.87 EUR on 2025-01-07, and 255.87 EUR on 2025-02-07, while keeping a minimum balance of 600 EUR; no spending changes are needed, and the earliest date for full payment is 2024-12-07."
request_119,0,not_affordable,not_recommended,none,,none,"You requested 203500 INR, but 0 INR is safe to pay, so it is not affordable; no payment method is recommended and no payment plan is available. You need to keep a minimum balance of 151200 INR, and no spending changes are needed."
request_120,7714000,affordable_now,full_payment,2026-04-06:7714000,2026-04-06,none,"The requested amount is 7,714,000 IDR and 7,714,000 IDR is safe to pay, with affordability status affordable now, so the recommended payment method is full payment. The payment plan is 7,714,000 IDR on 2026-04-06, which is also the earliest date for full payment, while the minimum balance to keep is 20,050,300 IDR and no spending changes are needed."
request_121,633.60,affordable_now,full_payment,2024-03-03:633.60,2024-03-03,none,"The requested amount is 633.60 USD, and 633.60 USD is safe to pay; the affordability status is affordable_now, so the recommended payment method is full_payment. The payment plan is 2024-03-03:633.60, the minimum balance to keep is 800 USD, no spending changes are needed, and the earliest date for full payment is 2024-03-03."
request_122,20558000,affordable_with_plan,installments,2025-08-05:7126773.33|2025-09-02:7126773.33|2025-09-30:7126773.33,2025-08-05,none,"You requested 20558000 IDR, which is also the amount safe to pay, and the affordability status is affordable_with_plan with installments recommended. The payment plan is 2025-08-05:7126773.33, 2025-09-02:7126773.33, and 2025-09-30:7126773.33; you should keep a minimum balance of 12588500 IDR and no spending changes are needed. The earliest date for full payment is 2025-08-05."
request_123,4076000,affordable_now,full_payment,2026-01-07:4076000,2026-01-07,none,"The requested amount is 4076000 IDR, which is affordable now, equals the amount safe to pay, and has no spending changes needed. The recommended payment method is full payment, with a payment plan of 4076000 IDR on 2026-01-07, which is also the earliest date for full payment, while keeping a minimum balance of 18091200 IDR."
request_124,1406.49,affordable_with_plan,installments,2024-06-11:1076.12|2024-07-12:1076.12|2024-08-12:1076.12,2024-07-20,none,requested_amount=3104.20 EUR; amount_safe_to_pay=1406.49 EUR; affordability_status=affordable_with_plan; recommended_payment_method=installments; payment_plan=2024-06-11:1076.12|2024-07-12:1076.12|2024-08-12:1076.12; minimum_balance_to_keep=1600 EUR; spending_changes_needed=none; earliest_date_for_full_payment=2024-07-20.
request_125,6468,affordable_now,full_payment,2025-11-06:6468,2025-11-06,none,"The requested amount is 6468 ZAR, which is affordable now and is also the amount safe to pay. The recommended payment method is full payment, with a payment plan of 6468 ZAR on 2025-11-06, which is also the earliest date for full payment. You need to keep a minimum balance of 11300 ZAR, and no spending changes are needed."
request_126,159600,affordable_now,full_payment,2026-07-03:159600,2026-07-03,none,"The requested amount is 159600 INR, which is also the amount safe to pay, and the affordability status is affordable now. A full payment is recommended, with a payment plan of 159600 INR on 2026-07-03, which is also the earliest date for full payment, while keeping a minimum balance of 129700 INR and needing no spending changes."
request_127,19993.32,affordable_later,wait,2024-10-07:23980,2024-10-07,none,"You requested 23980 ZAR, but only 19993.32 ZAR is safe to pay, making the affordability status affordable_later; since no spending changes are needed, the recommended payment method is to wait, with a payment plan of 2024-10-07:23980 and an earliest full-payment date of 2024-10-07, while maintaining a minimum balance of 41000 ZAR."
request_128,25168,affordable_now,full_payment,2025-02-07:25168,2025-02-07,none,"The requested amount is 25,168 ZAR, and the amount safe to pay is also 25,168 ZAR; affordability status is affordable now, so full payment is recommended. The payment plan is to pay 25,168 ZAR on 2025-02-07, which is also the earliest date for full payment, while keeping a minimum balance of 42,600 ZAR, and no spending changes are needed."
request_129,110.47,not_affordable,not_recommended,none,,none,"The requested amount of 2668.80 USD is not_affordable, since only 110.47 USD is safe to pay, and the recommended payment method is not_recommended with no payment plan; the minimum balance to keep is 800 USD, and no spending changes are needed."
request_130,405.41,affordable_later,wait,2025-02-20:1978.80,2025-02-20,none,"You requested 1978.80 USD, but only 405.41 USD is safe to pay; the affordability status is affordable_later, so the recommended payment method is to wait. The payment plan is 2025-02-20:1978.80, you need to keep a minimum balance of 1400 USD, no spending changes are needed, and the earliest date for full payment is 2025-02-20."
request_131,1110.68,not_affordable,not_recommended,none,2025-07-26,none,requested_amount=1855.20 USD; amount_safe_to_pay=1110.68 USD; affordability_status=not_affordable; recommended_payment_method=not_recommended; payment_plan=none; minimum_balance_to_keep=1100 USD; spending_changes_needed=none; earliest_date_for_full_payment=2025-07-26.
request_132,0,not_affordable,not_recommended,none,,none,"The requested amount of 379.86 USD is not affordable, with 0 USD safe to pay, so the recommended payment method is not recommended and no payment plan is available. You must keep a minimum balance of 1100 USD, and no spending changes are needed."
request_133,15770000,affordable_with_plan,full_payment,2024-03-07:15770000,2024-03-07,reduce_to:event_12280:265050,requested_amount=15770000 IDR; amount_safe_to_pay=15770000 IDR; affordability_status=affordable_with_plan; recommended_payment_method=full_payment; payment_plan=2024-03-07:15770000; minimum_balance_to_keep=9986200 IDR; spending_changes_needed=reduce_to:event_12280:265050; earliest_date_for_full_payment=2024-03-07.
request_134,4469014.82,affordable_later,wait,2025-10-19:21831000,2025-10-19,none,"With a requested amount of 21831000 IDR, only 4469014.82 IDR is safe to pay, so the affordability status is affordable_later and the recommended payment method is wait; the payment plan is 2025-10-19:21831000, the minimum balance to keep is 15902500 IDR, spending changes needed are none, and the earliest date for full payment is 2025-10-19."
request_135,273.59,affordable_with_plan,installments,2026-07-20:54.86|2026-08-17:54.86|2026-09-14:54.86|2026-10-12:54.86|2026-11-09:54.86|2026-12-07:54.86,2026-07-21,reduce_to:event_12458:17.50,requested_amount=304.80 USD; amount_safe_to_pay=273.59 USD; affordability_status=affordable_with_plan; recommended_payment_method=installments; payment_plan=2026-07-20:54.86|2026-08-17:54.86|2026-09-14:54.86|2026-10-12:54.86|2026-11-09:54.86|2026-12-07:54.86; minimum_balance_to_keep=500 USD; spending_changes_needed=reduce_to:event_12458:17.50; earliest_date_for_full_payment=2026-07-21.
request_136,496.37,affordable_later,wait,2024-06-21:560.40,2024-06-21,none,"You requested 560.40 USD, and while 496.37 USD is safe to pay, the request is affordable later, so the recommended payment method is to wait. A payment plan of 560.40 USD on 2024-06-21 is available, which is also the earliest date for full payment, with a minimum balance to keep of 1100 USD and no spending changes needed."
request_137,24928.90,not_affordable,not_recommended,none,,none,"The requested amount is 80100 INR, but only 24928.90 INR is safe to pay, so the affordability status is not_affordable and the recommended payment method is not_recommended. There is no payment plan, the minimum balance to keep is 71800 INR, and no spending changes are needed."
request_138,1023.98,affordable_with_plan,partial_payment,2026-04-07:1023.98|2026-04-21:232.96,2026-04-21,none,"The requested amount is 1256.94 EUR, while the amount safe to pay is 1023.98 EUR and the minimum balance to keep is 2300 EUR. The affordability status is affordable_with_plan, with a recommended payment method of partial_payment through a payment plan of 1023.98 EUR on 2026-04-07 and 232.96 EUR on 2026-04-21, no spending changes needed, and the earliest date for full payment is 2026-04-21."
request_139,1827.31,affordable_with_plan,installments,2024-09-07:802.88|2024-10-08:802.88|2024-11-08:802.88,2024-09-18,none,requested_amount=2316 USD; amount_safe_to_pay=1827.31 USD; affordability_status=affordable_with_plan; recommended_payment_method=installments; payment_plan=2024-09-07:802.88|2024-10-08:802.88|2024-11-08:802.88; minimum_balance_to_keep=1500 USD; spending_changes_needed=none; earliest_date_for_full_payment=2024-09-18.
request_140,0,not_affordable,not_recommended,none,,none,"The requested amount is 62832 ZAR, but the amount safe to pay is 0 ZAR, so the affordability status is not_affordable and the recommended payment method is not_recommended. There is no payment plan, the minimum balance to keep is 21600 ZAR, and no spending changes are needed."
request_141,23234.58,not_affordable,not_recommended,none,,none,"The requested amount of 171600 INR is not affordable because only 23234.58 INR is safe to pay, so the recommended payment method is not_recommended and there is no payment plan. You should keep a minimum balance of 67300 INR, and no spending changes are needed."
request_142,1263.60,affordable_now,full_payment,2024-12-05:1263.60,2024-12-05,none,"The requested amount is 1263.60 USD and the amount safe to pay is also 1263.60 USD, so the affordability status is affordable now. The recommended payment method is full payment, with a payment plan on 2024-12-05 for 1263.60 and an earliest date for full payment of 2024-12-05, while keeping a minimum balance of 1700 USD and requiring no spending changes."
request_143,2383.22,affordable_later,wait,2025-07-20:12584,2025-07-20,none,"The requested amount is 12584 ZAR, but only 2383.22 ZAR is safe to pay, so the affordability status is affordable_later and the recommended payment method is wait. The payment plan is 2025-07-20:12584, with a minimum balance to keep of 11300 ZAR, no spending changes needed, and the earliest date for full payment is 2025-07-20."
request_144,0,not_affordable,not_recommended,none,,none,"The requested amount is 233.34 USD, but the amount safe to pay is 0 USD, so the affordability status is not affordable. The recommended payment method is not recommended, there is no payment plan, the minimum balance to keep is 600 USD, and no spending changes are needed."
request_145,105613.66,affordable_with_plan,installments,2024-03-20:75365.33|2024-04-20:75365.33|2024-05-21:75365.33,2024-03-08,none,requested_amount=217400 INR; amount_safe_to_pay=105613.66 INR; affordability_status=affordable_with_plan; recommended_payment_method=installments; payment_plan=2024-03-20:75365.33|2024-04-20:75365.33|2024-05-21:75365.33; minimum_balance_to_keep=155400 INR; spending_changes_needed=none; earliest_date_for_full_payment=2024-03-08.
request_146,11279.92,not_affordable,not_recommended,none,,none,"You requested 449400 INR, but it is not affordable; the amount safe to pay is 11279.92 INR and the recommended payment method is not recommended. There is no payment plan, you must keep a minimum balance of 108600 INR, and no spending changes are needed."
request_147,0,not_affordable,not_recommended,none,,none,"A requested amount of 1129.70 EUR is not affordable because the amount safe to pay is 0 EUR while a minimum balance of 900 EUR must be kept, so no payment method is recommended and there is no payment plan, with no spending changes needed."
request_148,7665.48,affordable_with_plan,installments,2024-06-14:7710.56|2024-07-15:7710.56|2024-08-15:7710.56,2024-07-16,none,requested_amount=22242 ZAR; amount_safe_to_pay=7665.48 ZAR; affordability_status=affordable_with_plan; recommended_payment_method=installments; payment_plan=2024-06-14:7710.56|2024-07-15:7710.56|2024-08-15:7710.56; minimum_balance_to_keep=20000 ZAR; spending_changes_needed=none; earliest_date_for_full_payment=2024-07-16.
request_149,21229.95,not_affordable,not_recommended,none,2026-01-18,none,requested_amount=36652 ZAR; amount_safe_to_pay=21229.95 ZAR; affordability_status=not_affordable; recommended_payment_method=not_recommended; payment_plan=none; minimum_balance_to_keep=42100 ZAR; spending_changes_needed=none; earliest_date_for_full_payment=2026-01-18.
request_150,0,not_affordable,not_recommended,none,,none,"The requested amount is 496.10 EUR, but the amount safe to pay is 0 EUR, so the affordability status is not affordable. The recommended payment method is not recommended, the payment plan is none, the minimum balance to keep is 700 EUR, and no spending changes are needed."
request_151,26999000,affordable_now,full_payment,2024-09-03:26999000,2024-09-03,none,"The requested amount is 26,999,000 IDR, and 26,999,000 IDR is safe to pay, so the affordability status is affordable now and full payment is recommended. The payment plan is to pay 26,999,000 IDR on 2024-09-03, which is also the earliest date for full payment, while keeping a minimum balance of 31,633,600 IDR, and no spending changes are needed."
request_152,11857.81,affordable_with_plan,installments,2025-02-12:4812.43|2025-03-12:4812.43|2025-04-09:4812.43,2025-04-20,reduce_to:event_14024:234.30|stop:event_13958|stop:event_13957,requested_amount=13882 ZAR; amount_safe_to_pay=11857.81 ZAR; affordability_status=affordable_with_plan; recommended_payment_method=installments; payment_plan=2025-02-12:4812.43|2025-03-12:4812.43|2025-04-09:4812.43; minimum_balance_to_keep=11900 ZAR; spending_changes_needed=reduce_to:event_14024:234.30|stop:event_13958|stop:event_13957; earliest_date_for_full_payment=2025-04-20.
request_153,12.42,not_affordable,not_recommended,none,,none,"The requested amount is 2830.80 USD, but only 12.42 USD is safe to pay, so the affordability status is not_affordable. The recommended payment method is not_recommended, there is no payment plan, the minimum balance to keep is 1400 USD, and no spending changes are needed."
request_154,1625.80,affordable_with_plan,installments,2024-12-04:563.61|2025-01-04:563.61|2025-02-04:563.61,2024-12-04,none,"The requested amount is 1625.80 EUR, which is also the amount safe to pay, and the affordability status is affordable_with_plan, with installments recommended. The payment plan is 563.61 EUR on 2024-12-04, 563.61 EUR on 2025-01-04, and 563.61 EUR on 2025-02-04; the minimum balance to keep is 1300 EUR, no spending changes are needed, and the earliest date for full payment is 2024-12-04."
request_155,78433.31,not_affordable,not_recommended,none,,none,"You requested 112500 INR, but the amount safe to pay is 78433.31 INR, so the affordability status is not_affordable; the recommended payment method is not_recommended, the payment plan is none, you should keep a minimum balance of 56300 INR, and spending changes needed is none."
request_156,9334.86,affordable_later,wait,2026-06-14:43076,2026-06-14,none,"The requested amount is 43076 ZAR, but only 9334.86 ZAR is safe to pay now; the affordability status is affordable_later, so the recommended payment method is to wait. The payment plan is 43076 ZAR on 2026-06-14, which is also the earliest date for full payment, and you should keep a minimum balance of 26900 ZAR with no spending changes needed."
request_157,4352610.76,affordable_later,wait,2024-05-19:23503000,2024-05-19,none,"The requested amount is 23,503,000 IDR, but only 4,352,610.76 IDR is safe to pay, so the affordability status is affordable later and the recommended payment method is to wait; the payment plan is 23,503,000 IDR on 2024-05-19, which is also the earliest date for full payment, while keeping a minimum balance of 15,714,100 IDR and with no spending changes needed."
request_158,242600,affordable_with_plan,installments,2025-08-07:84101.33|2025-09-04:84101.33|2025-10-02:84101.33,2025-08-07,none,"The requested amount of 242600 INR is also the amount safe to pay, and the affordability status is affordable_with_plan. The recommended payment method is installments, with a payment plan of 2025-08-07:84101.33, 2025-09-04:84101.33, and 2025-10-02:84101.33; the minimum balance to keep is 131400 INR, no spending changes are needed, and the earliest date for full payment is 2025-08-07."
request_159,13398,affordable_now,full_payment,2026-01-04:13398,2026-01-04,none,"The requested amount of 13398 ZAR is affordable now, and 13398 ZAR is safe to pay, so full payment is recommended; the payment plan is 13398 ZAR on 2026-01-04, which is also the earliest date for full payment, while keeping a minimum balance of 8700 ZAR and with no spending changes needed."
request_160,574.47,affordable_with_plan,installments,2024-06-13:432.05|2024-07-14:432.05|2024-08-14:432.05,2024-07-22,none,requested_amount=1246.30 EUR; amount_safe_to_pay=574.47 EUR; affordability_status=affordable_with_plan; recommended_payment_method=installments; payment_plan=2024-06-13:432.05|2024-07-14:432.05|2024-08-14:432.05; minimum_balance_to_keep=1200 EUR; spending_changes_needed=none; earliest_date_for_full_payment=2024-07-22.
request_161,0,not_affordable,not_recommended,none,,none,"The requested amount is 21204000 IDR, but the amount safe to pay is 0 IDR, so the affordability status is not affordable; the recommended payment method is not recommended and the payment plan is none. The minimum balance to keep is 23010400 IDR, and no spending changes are needed."
request_162,1159061.72,not_affordable,not_recommended,none,,none,"Although the requested amount is 83,923,000 IDR, only 1,159,061.72 IDR is safe to pay, making it not affordable; the recommended payment method is not recommended, there is no payment plan, the minimum balance to keep is 24,161,100 IDR, and no spending changes are needed."
request_163,19304000,affordable_with_plan,installments,2024-09-10:6692053.33|2024-10-11:6692053.33|2024-11-11:6692053.33,2024-09-07,none,requested_amount=19304000 IDR; amount_safe_to_pay=19304000 IDR; affordability_status=affordable_with_plan; recommended_payment_method=installments; payment_plan=2024-09-10:6692053.33|2024-10-11:6692053.33|2024-11-11:6692053.33; minimum_balance_to_keep=26728700 IDR; spending_changes_needed=none; earliest_date_for_full_payment=2024-09-07.
request_164,27018000,affordable_with_plan,installments,2025-02-11:9366240|2025-03-11:9366240|2025-04-08:9366240,2025-02-04,none,"The requested amount is 27018000 IDR and the amount safe to pay is 27018000 IDR, with an affordability status of affordable_with_plan; the recommended payment method is installments using the payment plan 2025-02-11:9366240|2025-03-11:9366240|2025-04-08:9366240, while keeping a minimum balance of 29550500 IDR, and with no spending changes needed, the earliest date for full payment is 2025-02-04."
request_165,80600,affordable_now,full_payment,2026-04-06:80600,2026-04-06,none,"The requested amount is 80600 INR and 80600 INR is safe to pay, so it is affordable now; the recommended payment method is full payment, with a plan to pay 80600 INR on 2026-04-06, which is also the earliest date for full payment, while keeping a minimum balance of 95000 INR and needing no spending changes."
request_166,2907.60,affordable_with_plan,installments,2024-12-03:1007.97|2025-01-03:1007.97|2025-02-03:1007.97,2024-12-03,none,"The requested amount of 2907.60 USD is safe to pay because it is affordable with a plan; using installments, payments of 1007.97 USD are scheduled for 2024-12-03, 2025-01-03, and 2025-02-03, while keeping a minimum balance of 1700 USD, no spending changes are needed, and the earliest date for full payment is 2024-12-03."
request_167,43802,affordable_now,full_payment,2025-05-05:43802,2025-05-05,none,"The requested amount is 43802 ZAR and the amount safe to pay is also 43802 ZAR; it is affordable now, so full payment is recommended, with a payment plan of 43802 ZAR on 2025-05-05 (also the earliest date for full payment), while keeping a minimum balance of 31200 ZAR and with no spending changes needed."
request_168,0,not_affordable,not_recommended,none,,none,"The requested amount is 49380 INR, but the amount safe to pay is 0 INR, so the affordability status is not_affordable. The recommended payment method is not_recommended, the payment plan is none, the minimum balance to keep is 114400 INR, and spending changes needed are none."
request_169,41976,affordable_now,full_payment,2024-03-04:41976,2024-03-04,none,"The requested amount is 41976 ZAR, and 41976 ZAR is safe to pay, with affordability status affordable_now and recommended payment method full_payment. The payment plan is 2024-03-04:41976, the minimum balance to keep is 18700 ZAR, no spending changes are needed, and the earliest date for full payment is 2024-03-04."
request_170,31526595.98,affordable_with_plan,installments,2025-08-06:12804480|2025-09-03:12804480|2025-10-01:12804480,2025-09-16,none,requested_amount=36936000 IDR; amount_safe_to_pay=31526595.98 IDR; affordability_status=affordable_with_plan; recommended_payment_method=installments; payment_plan=2025-08-06:12804480|2025-09-03:12804480|2025-10-01:12804480; minimum_balance_to_keep=24715800 IDR; spending_changes_needed=none; earliest_date_for_full_payment=2025-09-16.
request_171,30.56,not_affordable,not_recommended,none,,none,"The requested amount is 1878.80 EUR, but only 30.56 EUR is safe to pay, so the request is not affordable. No payment plan is available, the payment method is not recommended, a minimum balance of 500 EUR must be kept, and no spending changes are needed."
request_172,10200,affordable_with_plan,installments,2024-06-05:5304|2024-07-03:5304,2024-06-05,none,"The requested amount is 10200 ZAR, and 10200 ZAR is safe to pay, so the affordability status is affordable_with_plan; the recommended payment method is installments through a payment plan of 5304 ZAR on 2024-06-05 and 5304 ZAR on 2024-07-03, with no spending changes needed, a minimum balance to keep of 27200 ZAR, and the earliest date for full payment being 2024-06-05."
request_173,62357.88,affordable_with_plan,installments,2025-11-21:39173.33|2025-12-19:39173.33|2026-01-16:39173.33,,reduce_to:event_15946:2105,requested_amount=113000 INR; amount_safe_to_pay=62357.88 INR; affordability_status=affordable_with_plan; recommended_payment_method=installments; payment_plan=2025-11-21:39173.33|2025-12-19:39173.33|2026-01-16:39173.33; minimum_balance_to_keep=79100 INR; spending_changes_needed=reduce_to:event_15946:2105.
request_174,1146.20,affordable_with_plan,installments,2026-04-04:397.35|2026-05-04:397.35|2026-06-03:397.35,2026-04-04,none,"The requested amount of 1146.20 EUR is safe to pay because it is affordable with a plan, so installments are recommended: 397.35 EUR on 2026-04-04, 397.35 EUR on 2026-05-04, and 397.35 EUR on 2026-06-03, while keeping a minimum balance of 700 EUR and with no spending changes needed; the earliest date for full payment is 2026-04-04."
request_175,2346.30,affordable_now,full_payment,2024-09-06:2346.30,2024-09-06,none,"The requested amount of 2346.30 EUR is affordable now, and 2346.30 EUR is safe to pay, so full payment is recommended on 2024-09-06, the earliest date for full payment; the payment plan is 2024-09-06:2346.30, you should keep a minimum balance of 1700 EUR, and no spending changes are needed."
request_176,686.95,affordable_later,wait,2025-03-06:1239.70,2025-03-06,none,"The requested amount is 1239.70 EUR, but only 686.95 EUR is safe to pay, so the affordability status is affordable_later and the recommended payment method is to wait, with the payment plan set for 2025-03-06:1239.70 and the earliest date for full payment being 2025-03-06; the minimum balance to keep is 600 EUR, and no spending changes are needed."
request_177,0,not_affordable,not_recommended,none,,none,"The requested amount of 1017.60 USD is not affordable, as the amount safe to pay is 0 USD and the minimum balance to keep is 1300 USD; no payment method is recommended, no payment plan is available, and no spending changes are needed."
request_178,2938.10,affordable_with_plan,installments,2024-12-07:1018.54|2025-01-07:1018.54|2025-02-07:1018.54,2024-12-07,none,"The requested amount is 2938.10 EUR, and the amount safe to pay is also 2938.10 EUR, with an affordability status of affordable_with_plan. The recommended payment method is installments, with a payment plan of 1018.54 EUR on 2024-12-07, 1018.54 EUR on 2025-01-07, and 1018.54 EUR on 2025-02-07, while keeping a minimum balance of 1400 EUR. No spending changes are needed, and the earliest date for full payment is 2024-12-07."
request_179,6458243.33,affordable_later,wait,2025-07-20:41648000,2025-07-20,none,"You requested 41648000 IDR, the amount safe to pay is 6458243.33 IDR, the affordability status is affordable_later, and the recommended payment method is wait. The payment plan is 2025-07-20:41648000, the minimum balance to keep is 41430800 IDR, spending changes needed are none, and the earliest date for full payment is 2025-07-20."
request_180,0,not_affordable,not_recommended,none,,none,"The requested amount is 66,500 INR, but the amount safe to pay is 0 INR, so the affordability status is not affordable; the recommended payment method is not recommended, the payment plan is none, and while the minimum balance to keep is 37,300 INR, no spending changes are needed."
request_181,460.86,not_affordable,not_recommended,none,,none,"A request for 5059.20 USD is not affordable, since only 460.86 USD is safe to pay; no payment method is recommended, there is no payment plan, a minimum balance of 2000 USD must be kept, and no spending changes are needed."
request_182,65714,affordable_now,full_payment,2025-08-05:65714,2025-08-05,none,"The requested amount is 65714 ZAR, and 65714 ZAR is safe to pay, so the affordability status is affordable_now and full_payment is recommended. The payment plan is 2025-08-05:65714, the earliest date for full payment is 2025-08-05, the minimum balance to keep is 31100 ZAR, and no spending changes are needed."
request_183,23107211.77,affordable_with_plan,installments,2026-04-10:9313546.67|2026-05-10:9313546.67|2026-06-09:9313546.67,2026-05-15,none,requested_amount=26866000 IDR; amount_safe_to_pay=23107211.77 IDR; affordability_status=affordable_with_plan; recommended_payment_method=installments; payment_plan=2026-04-10:9313546.67|2026-05-10:9313546.67|2026-06-09:9313546.67; minimum_balance_to_keep=11878300 IDR; spending_changes_needed=none; earliest_date_for_full_payment=2026-05-15.
request_184,9316.10,not_affordable,not_recommended,none,,none,"You requested 251900 INR, but the amount safe to pay is 9316.10 INR; since this is not affordable, the payment method is not recommended, there is no payment plan, you should keep a minimum balance of 110800 INR, and no spending changes are needed."
request_185,408.50,affordable_later,wait,2026-01-14:1257.30,2026-01-14,none,"Although 1257.30 EUR was requested, only 408.50 EUR is safe to pay, so the affordability status is affordable_later and the recommended payment method is wait. A payment plan of 1257.30 EUR on 2026-01-14, which is also the earliest date for full payment, would require keeping a minimum balance of 1300 EUR, and no spending changes are needed."
request_186,0,not_affordable,not_recommended,none,,none,"The requested amount is 26554 ZAR, but the amount safe to pay is 0 ZAR, so affordability status is not_affordable and the recommended payment method is not_recommended; the payment plan is none, the minimum balance to keep is 22000 ZAR, and spending changes needed are none."
request_187,38384.36,affordable_later,wait,2024-11-18:187500,2024-11-18,none,"You requested 187500 INR, but the amount safe to pay is 38384.36 INR, so the affordability status is affordable later and the recommended payment method is wait. The payment plan is 2024-11-18:187500, the minimum balance to keep is 128300 INR, no spending changes are needed, and the earliest date for full payment is 2024-11-18."
request_188,106.30,not_affordable,not_recommended,none,,none,"You requested 2464 EUR, but only 106.30 EUR is safe to pay, so the affordability status is not affordable; the recommended payment method is not recommended, there is no payment plan, the minimum balance to keep is 900 EUR, and no spending changes are needed."
request_189,488.40,affordable_now,full_payment,2026-07-04:488.40,2026-07-04,none,"The requested amount of 488.40 EUR is safe to pay and is affordable now, so the recommended payment method is full payment. The payment plan is 488.40 EUR on 2026-07-04, which is the earliest date for full payment, while keeping a minimum balance of 400 EUR, and no spending changes are needed."
request_190,418.90,affordable_later,wait,2025-01-08:2557.50,2025-01-08,none,"The requested amount is 2557.50 EUR, but only 418.90 EUR is safe to pay, and the affordability status is affordable later, so the recommended payment method is to wait. The payment plan is 2557.50 EUR on 2025-01-08, with no spending changes needed, a minimum balance to keep of 1600 EUR, and the earliest date for full payment is 2025-01-08."
request_191,664.40,affordable_now,full_payment,2025-05-03:664.40,2025-05-03,none,"The requested amount of 664.40 EUR is safe to pay and affordable now, so the recommended payment method is full payment, with a payment plan of 664.40 EUR on 2025-05-03 and the earliest date for full payment also being 2025-05-03. No spending changes are needed, and a minimum balance of 500 EUR should be kept."
request_192,245.70,affordable_later,wait,2026-06-16:2046,2026-06-16,none,"The requested amount is 2046 USD, but only 245.70 USD is safe to pay, so the affordability status is affordable later and the recommended payment method is to wait. The payment plan is 2046 USD on 2026-06-16, with a minimum balance to keep of 1000 USD, no spending changes needed, and the earliest date for full payment is also 2026-06-16."
request_193,23.01,affordable_with_plan,installments,2024-03-21:420.23|2024-04-21:420.23|2024-05-22:420.23,2024-05-21,none,"The requested amount of 1212.20 EUR has an affordability status of affordable_with_plan, with 23.01 EUR safe to pay and installments as the recommended payment method via a payment plan of 420.23 EUR on 2024-03-21, 420.23 EUR on 2024-04-21, and 420.23 EUR on 2024-05-22, while keeping a minimum balance of 1000 EUR, requiring no spending changes and with the earliest date for full payment being 2024-05-21."
request_194,34703.75,affordable_later,wait,2025-10-26:132800,2025-10-26,none,"The requested amount is 132800 INR, but only 34703.75 INR is safe to pay, so the affordability status is affordable_later and the recommended payment method is wait. The payment plan is 132800 INR on 2025-10-26, which is also the earliest date for full payment, while keeping a minimum balance of 113600 INR and with spending changes needed: none."
request_195,111.92,not_affordable,not_recommended,none,,none,"The requested amount is 1170.40 EUR, but only 111.92 EUR is safe to pay, so it is not affordable and the recommended payment method is not recommended; there is no payment plan, the minimum balance to keep is 700 EUR, and no spending changes are needed."
request_196,762.30,affordable_now,full_payment,2024-06-03:762.30,2024-06-03,none,"The requested amount of 762.30 EUR is affordable now, and 762.30 EUR is safe to pay, so full payment is recommended; the payment plan is 2024-06-03:762.30, with the earliest date for full payment being 2024-06-03, while keeping a minimum balance of 500 EUR and no spending changes needed."
request_197,0,not_affordable,not_recommended,none,,none,"The requested amount is 50939000 IDR, but the amount safe to pay is 0 IDR, so the affordability status is not affordable. There is no payment plan, the recommended payment method is not recommended, you need to keep a minimum balance of 26245900 IDR, and no spending changes are needed."
request_198,185800,affordable_now,full_payment,2026-07-07:185800,2026-07-07,none,"The requested amount of 185800 INR is safe to pay at 185800 INR and is affordable now, so the recommended payment method is full payment with a payment plan of 2026-07-07:185800. You should keep a minimum balance of 124300 INR, no spending changes are needed, and the earliest date for full payment is 2026-07-07."
request_199,23674000,affordable_with_plan,installments,2024-09-07:8206986.67|2024-10-08:8206986.67|2024-11-08:8206986.67,2024-09-04,none,requested_amount=23674000 IDR; amount_safe_to_pay=23674000 IDR; affordability_status=affordable_with_plan; recommended_payment_method=installments; payment_plan=2024-09-07:8206986.67|2024-10-08:8206986.67|2024-11-08:8206986.67; minimum_balance_to_keep=25359500 IDR; spending_changes_needed=none; earliest_date_for_full_payment=2024-09-04.
request_200,21717000,affordable_now,full_payment,2025-02-06:21717000,2025-02-06,none,"The requested amount is 21717000 IDR and the amount safe to pay is 21717000 IDR, so the affordability status is affordable_now and the recommended payment method is full_payment. The payment plan is 2025-02-06:21717000, which is also the earliest date for full payment, while the minimum balance to keep is 20114600 IDR and spending changes needed is none."
request_201,23997000,affordable_now,full_payment,2026-04-03:23997000,2026-04-03,none,"The requested amount of 23997000 IDR is safe to pay and is affordable now, so the recommended payment method is full payment with a payment plan of 2026-04-03:23997000. The earliest date for full payment is 2026-04-03, the minimum balance to keep is 17304500 IDR, and no spending changes are needed."
request_202,123900,affordable_now,full_payment,2024-12-05:123900,2024-12-05,none,"The requested amount of 123900 INR is affordable now, with 123900 INR safe to pay, so full payment is recommended via the payment plan on 2024-12-05 for 123900 INR; the earliest date for full payment is 2024-12-05, no spending changes are needed, and a minimum balance of 147800 INR should be kept."
request_203,1442.10,affordable_with_plan,installments,2025-05-10:499.93|2025-06-07:499.93|2025-07-05:499.93,2025-05-07,none,"The requested amount is 1442.10 EUR and the amount safe to pay is 1442.10 EUR, so affordability is affordable_with_plan and the recommended payment method is installments, with a payment plan of 499.93 EUR on 2025-05-10, 499.93 EUR on 2025-06-07, and 499.93 EUR on 2025-07-05. You need to keep a minimum balance of 1400 EUR, no spending changes are needed, and the earliest date for full payment is 2025-05-07."
request_204,0,not_affordable,not_recommended,none,,none,"The requested amount of 588.74 EUR is not affordable, as the amount safe to pay is 0 EUR while the minimum balance to keep is 1300 EUR; no payment plan is available, the recommended payment method is not recommended, and no spending changes are needed."
request_205,10621000,affordable_now,full_payment,2024-03-06:10621000,2024-03-06,none,"The requested amount of 10621000 IDR is affordable now, with 10621000 IDR safe to pay, so full payment is recommended; the payment plan is 10621000 IDR on 2024-03-06, which is also the earliest date for full payment, and you need to keep a minimum balance of 13994300 IDR with no spending changes needed."
request_206,1404.70,affordable_with_plan,installments,2025-08-03:486.96|2025-08-31:486.96|2025-09-28:486.96,2025-08-03,none,"The requested amount is 1404.70 EUR, and the amount safe to pay is also 1404.70 EUR, making the affordability status affordable_with_plan. The recommended payment method is installments, with a payment plan of 486.96 EUR on 2025-08-03, 486.96 EUR on 2025-08-31, and 486.96 EUR on 2025-09-28, while keeping a minimum balance of 900 EUR; no spending changes are needed and the earliest date for full payment is 2025-08-03."
request_207,4205.61,affordable_later,wait,2026-07-20:11830,2026-07-20,none,"The requested amount is 11830 ZAR, while only 4205.61 ZAR is safe to pay, and the affordability status is affordable_later. The recommended payment method is to wait, with a payment plan of 2026-07-20:11830 and an earliest full-payment date of 2026-07-20, keeping a minimum balance of 13600 ZAR and no spending changes needed."
request_208,3104179.08,affordable_later,wait,2024-06-18:4413000,2024-06-18,none,"You requested 4413000 IDR, but the amount safe to pay is 3104179.08 IDR, so the affordability status is affordable_later and the recommended payment method is wait. The payment plan is 4413000 IDR on 2024-06-18, which is also the earliest date for full payment, and the minimum balance to keep is 10470700 IDR. No spending changes are needed."
request_209,8625.10,not_affordable,not_recommended,none,2025-12-05,none,requested_amount=56914 ZAR; amount_safe_to_pay=8625.10 ZAR; affordability_status=not_affordable; recommended_payment_method=not_recommended; payment_plan=none; minimum_balance_to_keep=18400 ZAR; spending_changes_needed=none; earliest_date_for_full_payment=2025-12-05.
request_210,965.41,affordable_with_plan,partial_payment,2026-04-06:965.41|2026-04-20:394.61,2026-04-20,none,"The requested amount is 1360.02 USD, and 965.41 USD is safe to pay, so the affordability status is affordable_with_plan. A partial payment is recommended with a plan of 965.41 USD on 2026-04-06 and 394.61 USD on 2026-04-20, while keeping a minimum balance of 2000 USD, with no spending changes needed and the earliest date for full payment being 2026-04-20."
request_211,271.07,affordable_later,wait,2024-11-19:1788.60,2024-11-19,none,"The requested amount is 1788.60 EUR, but the amount safe to pay is 271.07 EUR, so the affordability status is affordable later and the recommended payment method is to wait; the payment plan is 2024-11-19:1788.60, with a minimum balance to keep of 1500 EUR and no spending changes needed, and the earliest date for full payment is 2024-11-19."
request_212,6091312.78,not_affordable,not_recommended,none,,none,"The requested amount is 71934000 IDR, while the amount safe to pay is 6091312.78 IDR; the affordability status is not_affordable and the recommended payment method is not_recommended. The payment plan is none, the minimum balance to keep is 29579800 IDR, and the spending changes needed are none."
request_213,3362.40,affordable_with_plan,installments,2026-01-21:1165.63|2026-02-20:1165.63|2026-03-22:1165.63,2026-01-07,none,requested_amount=3362.40 USD; amount_safe_to_pay=3362.40 USD; affordability_status=affordable_with_plan; recommended_payment_method=installments; payment_plan=2026-01-21:1165.63|2026-02-20:1165.63|2026-03-22:1165.63; minimum_balance_to_keep=2100 USD; spending_changes_needed=none; earliest_date_for_full_payment=2026-01-07.
request_214,41681.70,affordable_with_plan,partial_payment,2024-12-04:41681.70|2024-12-18:28068.30,2024-12-18,none,"The requested amount is 69,750 INR, while 41,681.70 INR is safe to pay, and the affordability status is affordable with a plan using partial payment: 41,681.70 INR on 2024-12-04, then 28,068.30 INR on 2024-12-18, while keeping a minimum balance of 174,900 INR. No spending changes are needed, and the earliest date for full payment is 2024-12-18."
request_215,29986,affordable_with_plan,installments,2025-05-09:10395.15|2025-06-06:10395.15|2025-07-04:10395.15,2025-05-06,none,"The requested amount of 29986 ZAR is safe to pay and has an affordability status of affordable_with_plan, with installments recommended; the payment plan is 10395.15 ZAR on 2025-05-09, 10395.15 ZAR on 2025-06-06, and 10395.15 ZAR on 2025-07-04, while keeping a minimum balance of 15700 ZAR, requiring no spending changes, and with the earliest date for full payment being 2025-05-06."
request_216,472.13,not_affordable,not_recommended,none,,none,"The requested amount is 3332.40 USD, but only 472.13 USD is safe to pay, so the affordability status is not affordable and the recommended payment method is not recommended. There is no payment plan, the minimum balance to keep is 1800 USD, and no spending changes are needed."
request_217,19686.45,affordable_with_plan,installments,2024-03-19:12889.07|2024-04-19:12889.07|2024-05-20:12889.07,2024-04-07,none,requested_amount=37180 ZAR; amount_safe_to_pay=19686.45 ZAR; affordability_status=affordable_with_plan; recommended_payment_method=installments; payment_plan=2024-03-19:12889.07|2024-04-19:12889.07|2024-05-20:12889.07; minimum_balance_to_keep=26800 ZAR; spending_changes_needed=none; earliest_date_for_full_payment=2024-04-07.
request_218,25980890.02,affordable_with_plan,installments,2025-08-07:21195893.33|2025-09-04:21195893.33|2025-10-02:21195893.33,2025-09-20,none,requested_amount=61142000 IDR; amount_safe_to_pay=25980890.02 IDR; affordability_status=affordable_with_plan; recommended_payment_method=installments; payment_plan=2025-08-07:21195893.33|2025-09-04:21195893.33|2025-10-02:21195893.33; minimum_balance_to_keep=34477200 IDR; spending_changes_needed=none; earliest_date_for_full_payment=2025-09-20.
request_219,0,not_affordable,not_recommended,none,,none,"The requested amount of 1673.10 EUR is not affordable, since the amount safe to pay is 0 EUR and the recommended payment method is not recommended, with no payment plan available. A minimum balance of 1100 EUR must be kept, and no spending changes are needed."
request_220,50.71,not_affordable,not_recommended,none,,none,"The requested amount is 3118.50 EUR, but the amount safe to pay is 50.71 EUR, so the affordability status is not_affordable and the recommended payment method is not_recommended; the payment plan is none, the minimum balance to keep is 1100 EUR, and spending changes needed are none."
request_221,109800,affordable_now,full_payment,2025-11-03:109800,2025-11-03,none,"The requested amount is 109,800 INR, which is also the amount safe to pay and is affordable now, so full payment is recommended; the payment plan is 109,800 INR on 2025-11-03, the earliest date for full payment, while keeping a minimum balance of 81,500 INR and requiring no spending changes."
request_222,34078,affordable_now,full_payment,2026-01-05:34078,2026-01-05,none,"The requested amount is 34078 ZAR, and 34078 ZAR is safe to pay, so the affordability status is affordable_now and the recommended payment method is full_payment. The payment plan is 2026-01-05:34078, with no spending changes needed, a minimum balance to keep of 27300 ZAR, and the earliest date for full payment is 2026-01-05."
request_223,898.70,affordable_now,full_payment,2024-09-07:898.70,2024-09-07,none,"The requested amount is 898.70 EUR, which is affordable now and safe to pay in full, so the recommended payment method is full payment. The payment plan is 898.70 EUR on 2024-09-07, which is also the earliest date for full payment; a minimum balance of 800 EUR should be kept, and no spending changes are needed."
request_224,10327000,affordable_with_plan,installments,2025-02-04:5370040|2025-03-04:5370040,2025-02-04,none,"You requested 10,327,000 IDR, which is safe to pay and affordable_with_plan, so installments are recommended: pay 5,370,040 IDR on 2025-02-04 and 5,370,040 IDR on 2025-03-04, while keeping a minimum balance of 22,187,600 IDR; no spending changes are needed, and the earliest date for full payment is 2025-02-04."
request_225,9380382.41,affordable_with_plan,installments,2026-07-20:7647120|2026-08-19:7647120|2026-09-18:7647120,2026-09-19,none,"For the requested amount of 22059000 IDR, the affordability status is affordable_with_plan, the amount safe to pay is 9380382.41 IDR, the recommended payment method is installments with a payment plan of 2026-07-20:7647120|2026-08-19:7647120|2026-09-18:7647120, the minimum balance to keep is 17670700 IDR, no spending changes are needed, and the earliest date for full payment is 2026-09-19."
request_226,157000,affordable_now,full_payment,2024-12-03:157000,2024-12-03,none,"The requested amount is 157000 INR, and 157000 INR is safe to pay, so the affordability status is affordable_now with full_payment recommended; the payment plan is 157000 INR on 2024-12-03, which is also the earliest date for full payment, and no spending changes are needed while keeping a minimum balance of 209400 INR."
request_227,42755,not_affordable,not_recommended,none,2025-07-07,none,"You requested 259,700 INR, but it is safe to pay only 42,755 INR, so this is not affordable; no payment method is recommended and no payment plan is available. You need to keep a minimum balance of 62,900 INR, no spending changes are needed, and the earliest date for full payment is 2025-07-07."
request_228,0,not_affordable,not_recommended,none,,none,"The requested amount is 63,327,000 IDR, but the amount safe to pay is 0 IDR, so the affordability status is not affordable. The recommended payment method is not recommended, the payment plan is none, the minimum balance to keep is 26,191,200 IDR, and no spending changes are needed."
request_229,447.48,affordable_with_plan,installments,2024-03-18:529.29|2024-04-18:529.29|2024-05-19:529.29,2024-05-19,none,"The requested amount of 1526.80 EUR is affordable with a plan, with 447.48 EUR safe to pay; installments are recommended, with payments of 529.29 EUR on 2024-03-18, 529.29 EUR on 2024-04-18, and 529.29 EUR on 2024-05-19, while keeping a minimum balance of 1000 EUR, no spending changes are needed, and the earliest date for full payment is 2024-05-19."
request_230,3537.60,affordable_now,full_payment,2025-08-06:3537.60,2025-08-06,none,"The requested amount is 3537.60 EUR, which is also safe to pay, and the affordability status is affordable now; the recommended payment method is full payment, with a payment plan on 2025-08-06 for 3537.60 EUR, which is also the earliest date for full payment. A minimum balance of 2000 EUR must be kept, and no spending changes are needed."
request_231,30955.49,affordable_with_plan,installments,2026-01-06:12378.08|2026-02-05:12378.08|2026-03-07:12378.08,2026-02-17,reduce_to:event_21305:845.90,requested_amount=35706 ZAR; amount_safe_to_pay=30955.49 ZAR; affordability_status=affordable_with_plan; recommended_payment_method=installments; payment_plan=2026-01-06:12378.08|2026-02-05:12378.08|2026-03-07:12378.08; minimum_balance_to_keep=24300 ZAR; spending_changes_needed=reduce_to:event_21305:845.90; earliest_date_for_full_payment=2026-02-17.
request_232,0,not_affordable,not_recommended,none,,none,"The requested amount is 1970.10 EUR, but the affordability status is not_affordable and the amount safe to pay is 0 EUR; the recommended payment method is not_recommended, the payment plan is none, the minimum balance to keep is 2400 EUR, and no spending changes are needed."
request_233,0,not_affordable,not_recommended,none,,none,"The requested amount is 6241000 IDR, but the amount safe to pay is 0 IDR, so the affordability status is not_affordable and the recommended payment method is not_recommended; the payment plan is none, the minimum balance to keep is 10365700 IDR, and the spending changes needed are none."
request_234,184.65,affordable_later,wait,2026-09-16:1213.30,2026-09-16,none,"You requested 1213.30 EUR, but only 184.65 EUR is safe to pay now; the affordability status is affordable later, so the recommended payment method is to wait, with a payment plan of 1213.30 EUR on 2026-09-16, which is also the earliest date for full payment. You should keep a minimum balance of 700 EUR, and no spending changes are needed."
request_235,967.20,affordable_now,full_payment,2024-09-06:967.20,2024-09-06,none,"The requested amount of 967.20 USD is safe to pay, is affordable now, and the recommended payment method is full payment. A payment plan of 967.20 on 2024-09-06 is possible, which is also the earliest date for full payment, while keeping a minimum balance of 700 USD and with no spending changes needed."
request_236,6081340.68,not_affordable,not_recommended,none,,none,"You requested 52383000 IDR, but only 6081340.68 IDR is safe to pay, so the affordability status is not affordable; the recommended payment method is not recommended, the payment plan is none, the minimum balance to keep is 16768600 IDR, and no spending changes are needed."
request_237,23826000,affordable_now,full_payment,2026-04-05:23826000,2026-04-05,none,"The requested amount of 23826000 IDR is affordable now and safe to pay, so the recommended payment method is full payment. The payment plan is 2026-04-05:23826000, which is also the earliest date for full payment, with a minimum balance to keep of 22431500 IDR and no spending changes needed."
request_238,663.60,affordable_with_plan,installments,2024-12-07:230.05|2025-01-07:230.05|2025-02-07:230.05,2024-12-07,none,"The requested amount of 663.60 USD is affordable with a plan, as 663.60 USD is safe to pay via the recommended payment method of installments. The payment plan is 230.05 USD on 2024-12-07, 230.05 USD on 2025-01-07, and 230.05 USD on 2025-02-07, while keeping a minimum balance of 700 USD. No spending changes are needed, and the earliest date for full payment is 2024-12-07."
request_239,642,affordable_now,full_payment,2025-05-04:642,2025-05-04,none,"The requested amount is 642 USD, and 642 USD is safe to pay, making it affordable now; full payment is recommended, with a payment plan on 2025-05-04 for 642 USD, while keeping a minimum balance of 600 USD, no spending changes are needed, and the earliest date for full payment is 2025-05-04."
request_240,0,not_affordable,not_recommended,none,,none,"The requested amount of 101200 INR is not affordable, since 0 INR is safe to pay and no payment plan is available; the recommended payment method is not recommended, and while you need to keep a minimum balance of 52800 INR, no spending changes are needed."
request_241,21052000,affordable_with_plan,installments,2024-03-17:7298026.67|2024-04-17:7298026.67|2024-05-18:7298026.67,2024-03-03,none,"The requested amount is 21,052,000 IDR, the amount safe to pay is 21,052,000 IDR, and the affordability status is affordable_with_plan. The recommended payment method is installments, with the payment plan 2024-03-17: 7,298,026.67 IDR, 2024-04-17: 7,298,026.67 IDR, and 2024-05-18: 7,298,026.67 IDR, while keeping a minimum balance of 19,252,000 IDR, no spending changes needed, and the earliest date for full payment is 2024-03-03."
request_242,0,not_affordable,not_recommended,none,,none,"The requested amount is 1966.80 EUR, but the amount safe to pay is 0 EUR, so the affordability status is not_affordable and the recommended payment method is not_recommended. The payment plan is none and the spending changes needed are none, while the minimum balance to keep is 600 EUR."
request_243,17468,affordable_now,full_payment,2026-07-07:17468,2026-07-07,none,"The requested amount of 17468 ZAR is affordable now, with 17468 ZAR safe to pay, so full payment is recommended; the payment plan is 2026-07-07:17468, the earliest date for full payment, while keeping a minimum balance of 19900 ZAR and requiring no spending changes."
request_244,49918,affordable_now,full_payment,2024-06-04:49918,2024-06-04,none,"The requested amount is 49918 ZAR, which is safe to pay and affordable now, with full payment recommended. The payment plan is to pay 49918 ZAR on 2024-06-04, which is also the earliest date for full payment, while keeping a minimum balance of 45900 ZAR and with no spending changes needed."
request_245,32279.05,affordable_later,wait,2026-01-14:128500,2026-01-14,none,"The requested amount is 128,500 INR, while the amount safe to pay is 32,279.05 INR; the affordability status is affordable_later, and the recommended payment method is wait. The payment plan is 2026-01-14: 128,500 INR, the minimum balance to keep is 94,600 INR, spending changes needed are none, and the earliest date for full payment is 2026-01-14."
request_246,64086,affordable_with_plan,installments,2026-04-03:22216.48|2026-05-03:22216.48|2026-06-02:22216.48,2026-04-03,none,"The requested amount is 64086 ZAR, and 64086 ZAR is safe to pay, with an affordability status of affordable_with_plan. The recommended payment method is installments, with payments of 22216.48 ZAR on 2026-04-03, 22216.48 ZAR on 2026-05-03, and 22216.48 ZAR on 2026-06-02, while keeping a minimum balance of 39300 ZAR, no spending changes needed, and the earliest date for full payment is 2026-04-03."
request_247,1059.30,affordable_now,full_payment,2024-09-05:1059.30,2024-09-05,none,"The requested amount is 1059.30 EUR and the amount safe to pay is 1059.30 EUR, so the affordability status is affordable_now. The recommended payment method is full_payment, with a payment plan of 2024-09-05:1059.30 and an earliest date for full payment of 2024-09-05, while the minimum balance to keep is 1300 EUR and spending changes needed are none."
request_248,1507.36,affordable_with_plan,partial_payment,2025-02-07:1507.36|2025-02-08:458.24,2025-02-08,none,"The requested amount of 1965.60 USD is affordable_with_plan, with 1507.36 USD safe to pay; the recommended method is partial_payment via a plan of 1507.36 USD on 2025-02-07 and 458.24 USD on 2025-02-08, while keeping a minimum balance of 1300 USD, no spending changes needed, and the earliest date for full payment being 2025-02-08."
request_249,0,not_affordable,not_recommended,none,,none,"Although 643.20 USD was requested, the amount safe to pay is 0 USD, so the request is not affordable; the recommended payment method is not recommended, there is no payment plan, 600 USD must be kept as a minimum balance, and no spending changes are needed."
request_250,16056.71,not_affordable,not_recommended,none,,none,"The requested amount of 124278 ZAR is not affordable, with only 16056.71 ZAR safe to pay and a minimum balance of 35300 ZAR required. No payment plan is available and no spending changes are needed, and the recommended payment method is not recommended."
request_251,1513.60,affordable_with_plan,full_payment,2025-05-03:1513.60,2025-05-03,stop:event_23062,requested_amount=1513.60 EUR; amount_safe_to_pay=1513.60 EUR; affordability_status=affordable_with_plan; recommended_payment_method=full_payment; payment_plan=2025-05-03:1513.60; minimum_balance_to_keep=1300 EUR; spending_changes_needed=stop:event_23062; earliest_date_for_full_payment=2025-05-03.
request_252,3553677.74,affordable_later,wait,2026-09-15:28082000,2026-09-15,none,"The requested amount is 28,082,000 IDR, but only 3,553,677.74 IDR is safe to pay, so the affordability status is affordable later and the recommended payment method is to wait. The payment plan is 28,082,000 IDR on 2026-09-15, which is also the earliest date for full payment, while keeping a minimum balance of 15,152,200 IDR and with no spending changes needed."
request_253,1383.13,affordable_with_plan,installments,2024-03-21:984.60|2024-04-21:984.60|2024-05-22:984.60,2024-05-21,reduce_to:event_23305:45.50,"You requested 2840.20 EUR, and while 1383.13 EUR is safe to pay now, the affordability status is affordable_with_plan, so the recommended payment method is installments with a plan of 984.60 EUR on 2024-03-21, 984.60 EUR on 2024-04-21, and 984.60 EUR on 2024-05-22, while keeping a minimum balance of 2300 EUR, reducing spending to 45.50 EUR for event_23305, and the earliest date for full payment is 2024-05-21."
request_254,1759.60,affordable_later,wait,2025-08-06:3535.20,2025-08-06,none,"The requested amount is 3535.20 USD, but only 1759.60 USD is safe to pay, so the affordability status is affordable_later and the recommended payment method is wait. The payment plan is 2025-08-06:3535.20, the minimum balance to keep is 2500 USD, no spending changes are needed, and the earliest date for full payment is 2025-08-06."
request_255,3345000,affordable_now,full_payment,2026-04-06:3345000,2026-04-06,none,"The requested amount is 3345000 IDR, which is also the amount safe to pay, and the affordability status is affordable now; the recommended payment method is full payment, with a payment plan on 2026-04-06 for 3345000 and the earliest date for full payment being 2026-04-06. You must keep a minimum balance of 9813900 IDR, and no spending changes are needed."
request_256,0,not_affordable,not_recommended,none,,none,"You requested 218700 INR, but the amount safe to pay is 0 INR, so the affordability status is not affordable; the recommended payment method is not recommended, there is no payment plan, the minimum balance to keep is 168600 INR, and no spending changes are needed."
request_257,356.04,affordable_later,wait,2026-01-17:1352.40,2026-01-17,none,"The requested amount is 1352.40 USD, while 356.04 USD is safe to pay; the affordability status is affordable_later, so the recommended payment method is to wait, with a payment plan of 1352.40 USD on 2026-01-17, no spending changes needed, a minimum balance to keep of 1600 USD, and the earliest date for full payment being 2026-01-17."
request_258,1113.60,affordable_now,full_payment,2026-01-07:1113.60,2026-01-07,none,"The requested amount is 1113.60 USD, and the amount safe to pay is 1113.60 USD with an affordability status of affordable_now. The recommended payment method is full_payment, with a payment plan of 2026-01-07:1113.60, a minimum balance to keep of 500 USD, no spending changes needed, and an earliest date for full payment of 2026-01-07."
request_259,492.44,affordable_later,wait,2024-10-23:935,2024-10-23,none,"The requested amount is 935 EUR, while only 492.44 EUR is safe to pay, so the affordability status is affordable_later and the recommended payment method is wait. The payment plan is 2024-10-23: 935 EUR, which is also the earliest date for full payment, with a minimum balance to keep of 600 EUR and no spending changes needed."
request_260,8607508.05,not_affordable,not_recommended,none,,none,"The requested amount is 52079000 IDR, but only 8607508.05 IDR is safe to pay, so the affordability status is not_affordable; the recommended payment method is not_recommended, the payment plan is none, the minimum balance to keep is 20727700 IDR, and spending changes needed are none."
request_261,1830.40,affordable_now,full_payment,2026-07-03:1830.40,2026-07-03,none,"The requested amount is 1830.40 EUR, and the amount safe to pay is 1830.40 EUR; the affordability status is affordable_now, so the recommended payment method is full_payment. Under the payment plan of 2026-07-03:1830.40, the earliest date for full payment is 2026-07-03, while the minimum balance to keep is 1500 EUR and no spending changes are needed."
request_262,9236000,affordable_now,full_payment,2024-12-05:9236000,2024-12-05,none,"The requested amount is 9236000 IDR, and the amount safe to pay is also 9236000 IDR. Since the affordability status is affordable_now, full_payment is recommended, with a payment plan of 9236000 IDR on 2024-12-05 and the earliest date for full payment also 2024-12-05, while keeping a minimum balance of 31018500 IDR and making no spending changes."
request_263,5256.59,not_affordable,not_recommended,none,,none,"The requested amount is 51546 ZAR, but only 5256.59 ZAR is safe to pay, so affordability status is not_affordable and the recommended payment method is not_recommended; there is no payment plan, the minimum balance to keep is 24100 ZAR, and no spending changes are needed."
request_264,23012.52,affordable_later,wait,2026-06-15:111300,2026-06-15,none,"You requested 111300 INR, but only 23012.52 INR is safe to pay now, and the affordability status is affordable later, so the recommended payment method is to wait. The payment plan is 2026-06-15:111300, the earliest date for full payment is 2026-06-15, you must keep a minimum balance of 59500 INR, and no spending changes are needed."
request_265,45970,affordable_now,full_payment,2024-03-06:45970,2024-03-06,none,"The requested amount of 45970 INR is safe to pay and affordable now, so the recommended payment method is full payment. A payment plan of 45970 on 2024-03-06 matches the earliest date for full payment, while a minimum balance of 189700 INR should be kept and no spending changes are needed."
request_266,935,affordable_with_plan,installments,2025-08-03:324.13|2025-08-31:324.13|2025-09-28:324.13,2025-08-03,none,"The requested amount of 935 EUR is safe to pay and is considered affordable with a plan. The recommended payment method is installments, with payments of 324.13 EUR on 2025-08-03, 324.13 EUR on 2025-08-31, and 324.13 EUR on 2025-09-28, while keeping a minimum balance of 900 EUR; no spending changes are needed, and the earliest date for full payment is 2025-08-03."
request_267,1644.69,affordable_with_plan,installments,2026-01-08:667.33|2026-02-07:667.33|2026-03-09:667.33,2026-02-14,none,requested_amount=1925 EUR; amount_safe_to_pay=1644.69 EUR; affordability_status=affordable_with_plan; recommended_payment_method=installments; payment_plan=2026-01-08:667.33|2026-02-07:667.33|2026-03-09:667.33; minimum_balance_to_keep=1500 EUR; spending_changes_needed=none; earliest_date_for_full_payment=2026-02-14.
request_268,1061.93,affordable_with_plan,installments,2024-06-14:841.22|2024-07-15:841.22|2024-08-15:841.22,2024-07-23,none,requested_amount=2426.60 EUR; amount_safe_to_pay=1061.93 EUR; affordability_status=affordable_with_plan; recommended_payment_method=installments; payment_plan=2024-06-14:841.22|2024-07-15:841.22|2024-08-15:841.22; minimum_balance_to_keep=1400 EUR; spending_changes_needed=none; earliest_date_for_full_payment=2024-07-23.
request_269,0,not_affordable,not_recommended,none,,none,"The requested amount is 15490 ZAR, but the amount safe to pay is 0 ZAR, so the affordability status is not affordable, the recommended payment method is not recommended, and the payment plan is none. The minimum balance to keep is 23100 ZAR, and spending changes needed are none."
request_270,96.77,not_affordable,not_recommended,none,,none,"The requested amount is 3028.80 USD, but only 96.77 USD is safe to pay, so the affordability status is not_affordable. The recommended payment method is not_recommended, there is no payment plan, the minimum balance to keep is 1400 USD, and no spending changes are needed."
request_271,52661.64,affordable_later,wait,2024-09-04:91300,2024-09-04,none,"You requested 91,300 INR, and while only 52,661.64 INR is safe to pay, the affordability status is affordable_later, so the recommended payment method is to wait. The payment plan is 2024-09-04:91300, the minimum balance to keep is 58,200 INR, no spending changes are needed, and the earliest date for full payment is 2024-09-04."
request_272,8413124,affordable_with_plan,installments,2025-02-12:4709466.67|2025-03-12:4709466.67|2025-04-09:4709466.67,2025-02-06,none,requested_amount=13585000 IDR; amount_safe_to_pay=8413124 IDR; affordability_status=affordable_with_plan; recommended_payment_method=installments; payment_plan=2025-02-12:4709466.67|2025-03-12:4709466.67|2025-04-09:4709466.67; minimum_balance_to_keep=7508600 IDR; spending_changes_needed=none; earliest_date_for_full_payment=2025-02-06.
request_273,9476871.09,affordable_with_plan,partial_payment,2026-04-07:9476871.09|2026-04-20:6384128.91,2026-04-20,none,"Your requested amount is 15861000 IDR, the amount safe to pay is 9476871.09 IDR, and the affordability status is affordable_with_plan with a recommended payment method of partial_payment. The payment plan is 9476871.09 IDR on 2026-04-07 and 6384128.91 IDR on 2026-04-20, you should keep a minimum balance of 18774600 IDR, no spending changes are needed, and the earliest date for full payment is 2026-04-20."
request_274,2083.08,not_affordable,not_recommended,none,2025-02-17,none,requested_amount=2713.70 EUR; amount_safe_to_pay=2083.08 EUR; affordability_status=not_affordable; recommended_payment_method=not_recommended; payment_plan=none; minimum_balance_to_keep=1800 EUR; spending_changes_needed=none; earliest_date_for_full_payment=2025-02-17.
request_275,15884000,affordable_now,full_payment,2025-05-06:15884000,2025-05-06,none,"The requested amount is 15884000 IDR, and 15884000 IDR is safe to pay, so the affordability status is affordable now and full payment is recommended. The payment plan is 15884000 IDR on 2025-05-06, which is also the earliest date for full payment, with a minimum balance to keep of 12760100 IDR and no spending changes needed."
